{"count":1,"self":105.6634048,"total":164.2593958,"children":{"InitializeActuators":{"count":1,"self":0.0009992,"total":0.0009992,"children":null},"InitializeSensors":{"count":1,"self":0.0009998,"total":0.0009998,"children":null},"AgentSendState":{"count":239319,"self":0.46410979999999996,"total":1.6257386999999999,"children":{"CollectObservations":{"count":48166,"self":0.10046949999999999,"total":0.10046949999999999,"children":null},"WriteActionMask":{"count":48166,"self":0.0213665,"total":0.0213665,"children":null},"RequestDecision":{"count":48166,"self":0.1261313,"total":1.0397929,"children":{"AgentInfo.ToProto":{"count":48166,"self":0.1749343,"total":0.9136616,"children":{"GenerateSensorData":{"count":48166,"self":0.7387273,"total":0.7387273,"children":null}}}}}}},"DecideAction":{"count":239319,"self":56.379340799999994,"total":56.3793386,"children":null},"AgentAct":{"count":239319,"self":0.579915,"total":0.5879148,"children":{"AgentInfo.ToProto":{"count":275,"self":0.0020012999999999997,"total":0.0079998,"children":{"GenerateSensorData":{"count":275,"self":0.0059984999999999995,"total":0.0059984999999999995,"children":null}}}}}},"gauges":{"My Behavior.CumulativeReward":{"count":275,"max":0.9860537,"min":-21.57095,"runningAverage":0.0309518911,"value":0.03492381,"weightedAverage":0.0009097925}},"metadata":{"timer_format_version":"0.1.0","start_time_seconds":"1665870967","unity_version":"2020.3.20f1","command_line_arguments":"W:\\Unity Editor Installs\\2020.3.20f1\\Editor\\Unity.exe -projectpath W:\\Unity Projects\\unity_labyrinth_shuffle -useHub -hubIPC -cloudEnvironment production -licensingIpc LicenseClient-aryam -hubSessionId 6902dac0-4bd7-11ed-baa8-1f7c56b40fd4","communication_protocol_version":"1.5.0","com.unity.ml-agents_version":"2.1.0-exp.1","scene_name":"SampleScene","end_time_seconds":"1665871131"}}